,OWNER,NFT,NAME,BATCH,ACTIVE,REP
0,0:efc78159f866bc1756d0ada37ad9cd20ae6d8105e1f8cf3fbf65cae01dfe8302,EQDEIqmoG9LmV9uy7nBOZDtjdRmwZHWYTG8uSMA3PeI_ZUD7EQBQ_5RiQr8CiqXEZpqIP8-FaH3wrKPt_FbnyU0NoA5aHGKWEQBbFIQoTdFntefYT67Vgpo1tSGW4M2lYwG550FoCsTuzStm,TONNEL Relayer #6TONNEL Relayer #26TONNEL Relayer #36,GoldSilverBronze,YesYesYes,8702.763888888774
1,0:2aa6aae4c8d5babc8c06ce04441c2ccb3a6c45c76337169222b813cd34636a8d,EQD9723TzdRAfdVOHGijVZZ7oT9-gu0izN0sdhzfsFPOG3klEQCxm-PlY7d9Y8BZRyGbzAyhZqozSFy1d7OO_l7_5NuHIXw5,TONNEL Relayer #71TONNEL Relayer #77,BronzeGold,YesYes,5735.0
2,0:4da46c2da241e0ec6f6ba3f90f5527904d8d8324e7d8acb1312deb57d9be4834,EQBehg2gp1K7kzZefAuUNrBpR6-g5CJcjohu9YK8q8mC1jBWEQBcn_tV85u6oMdBbyP2npskpI0AyaDqRKBWqv5W61kMjWwYEQD2k9IFWdsav_7hEecr3KTBkcnhnfN4BQpWkcpi-bbCEBheEQA5Iim-rCGt5e5cD21uoSpBSHve0jS6fGALVenshltu0pjyEQAzVeyQ8WKp-sq1wbvpipcpQW-KVineYitWdpgyo9G2sYlKEQCOW3lJHo9FSwPs8rwMe-kn_4RMrP77w5QojqYth2gig2IdEQDBm8ItVSFnMDERk5XtK4FsteKFOqEifnNcddlsbzp6bKS1,TONNEL Relayer #11TONNEL Relayer #16TONNEL Relayer #17TONNEL Relayer #69TONNEL Relayer #377TONNEL Relayer #550TONNEL Relayer #639,SilverSilverSilverBronzeGoldBronzeBronze,YesYesYesYesYesYesYes,5704.834503459506
3,0:f318b9502fa26124af361b3def2a5b8d116176ef13d622755e2c39255e26e088,EQDdpXP8IDrzzx_S0e1i0UULeA3_YprWymOwYJ8fXQXmUj3V,TONNEL Relayer #175,Gold,Yes,3579.166666666668
4,0:cc621c38d599d4d4799eb755d3c0dca1657fd4e8da42d61408abaaf75bc81120,EQDbIe3aj5KP88G9zy069V3w3LfoCxHGAxEpu8i9bYIuhrN2EQC_5g5PihhstbRp_uvcXQUozY9195WoZXN8sxf--IbsuoRl,TONNEL Relayer #18TONNEL Relayer #590,SilverBronze,YesYes,2947.499999999988
5,0:4f873bb33beb249e1350ce4a2545c8337a706d83543dfb9f89cd91f54fcec5a9,EQAyUpHecjmChuydaaeHWtC09HGtQEsWAlZgTyjDIi8eKHBI,TONNEL Relayer #2,Gold,Yes,2185.0
6,0:294962360ec7207281785f7e89d7c452739902b9e51e16fbb7dea1ca167e8128,EQCHcD7fd3xLr-f6U1kAdIJQAYLMlhBrE0Di4r5p970Msp4l,TONNEL Relayer #25,Silver,Yes,1822.5
7,0:a8afbbc6ea08a7053541cd1f3018199a7b99d45fb3571d066421c55f304d8e47,EQCmiP8pUrzn_CVbfbIxVKmQHKpGeARlBVdxPVXGi8-aagqfEQD1DQ90mR83lE2lilPeWOKxQWCmRVjdh9paTTaaUm074FkT,TONNEL Relayer #91TONNEL Relayer #500,BronzeGold,YesYes,1645.0
8,0:ad86cda25bb7c13437ae8f06ad724d4739864828dd22b8737f03a718bf902c52,EQDzbytjK0tRRbRShRwUgj1YVYYTE4o4NNabiD7KMAn91Tkb,TONNEL Relayer #19,Silver,Yes,1475.8333333333337
9,0:68f62690151c2e844e66eb196f16339877949884d7a6b2d9900123d12aca72cb,EQAJBSPIpyUtV3GxnZ1LJ55_0DR-3jnkE-_1iqSCh8hf9To8,TONNEL Relayer #7,Gold,Yes,1422.4999999999998
10,0:101f3ebb2a4db262a22f323ca316915398129e5c66da852ba325064b925e7861,EQA0K_XISnKyU5zJoigFOr0niEalSiGDC9nFaUdmorQ7aZg2,TONNEL Relayer #4,Gold,Yes,1389.9999999999998
11,0:af55e8ef5254486f2db1e39423c5ed9ffe88538bb442bb48538e170070e626de,EQA575SNAYpSmkfZiCsWUICSrm6FrcVURsL6qqWy1z_3l-kyEQBdLTfHcqj3E8fFTymc-QpBkQvRcT4AKqr5hx3xtQKq3JV_EQCxZCuFSVnGXK_tqp7Cu5zWitd-zu7n7RPxW95whUFZOa-AEQDELwKRp0OOZ52_rX1pubHyuC7Q3ieYAca9Bcs3HCE6QkqJEQDlqcS1RJVPqy_nyw-iSjRC3cZOWdPKAYJl2X6FzwirXkbn,TONNEL Relayer #0TONNEL Relayer #1TONNEL Relayer #10TONNEL Relayer #30TONNEL Relayer #665,GoldGoldSilverBronzeBronze,YesYesYesYesYes,1378.7849999999992
12,0:07a50707bd986afb226b7dda3690f67706fc106ad55c16dc4993e867efa24d5c,EQBkPQZHu_CX8ohEWdXs21LZAUP-T66RPnz2BQkQHs1nvGzU,TONNEL Relayer #5,Gold,Yes,1354.285
13,0:f36290fdb60ae51fca40a185e72bdb7ff8854e20ee2bad7c9942bb20750c7dd3,EQBeq4rAZr-z1iS8ymcYqbOoCTJl1nwkDGWbGIUWbr8iIrhg,TONNEL Relayer #9,Gold,Yes,1285.0
14,0:11541b75408a7e98ca8b7e3658f0a711d188319b093a58bbadb3971db1fc3ecf,EQCxtOCJ_Ppj3qgDdyEH1gOWfHdyV7v2R61evBtLHBJ1Uyb4EQD1gKhTgaealUQLL7SF6oSFXttLDLePp-IffdlV-hVAlVXl,TONNEL Relayer #20TONNEL Relayer #575,SilverBronze,YesYes,1240.0
15,0:44096e25b6db5d1293569c9540973c9d9e0701fcc11f99c6672aab5534eccd6b,EQAXFjY--3rxVm7sxvn8ZDC3wv8g-PX3PWvqtD3yupdzuRjOEQCFUUMfylLO6Ak67uBAlR-_OROH6VccU93EcZ_BVRPY8At9EQDMlsy-y0aXxHHhY_ZwlfDiy0f1bSWL52OIYlmNHChUNvz7EQBUsn51gpnoU79wjwk6nVmkOoSnlEOjFeTr36-pqX-lEkKSEQCwPN4BKd8Pbjq8hKLFOoc9TtfbkZ3JZFLSZ-gL2XyK7xjKEQDgXF4vN34UlJAulEXhol3tNx4R0kkutBqxQVcp7dGCE2XsEQD9L6Ajh_-3Za9UsQVRFcijj28Xkj3Rpdt8LafTAzygMl-OEQBQwtbnmHuvskHh-IeYJpRmhlueqBSEc7o_pT29xr0d3bTP,TONNEL Relayer #39TONNEL Relayer #100TONNEL Relayer #119TONNEL Relayer #159TONNEL Relayer #277TONNEL Relayer #499TONNEL Relayer #574TONNEL Relayer #662,BronzeBronzeBronzeBronzeBronzeBronzeBronzeBronze,YesYesYesYesYesYesYesYes,1122.2321428571438
16,0:df4740cc51ce966ba0fd3ec59683dbaf708bdd77a63a593d0b008d7dc6357cfc,EQCibaB-HZGBHfloiIry6pEWRT2iPS25O2ooyBU10aUfzUwuEQDB-m_AFY_WnVTSriFVUBQwt2f-GvCJkywTjHBZwGAwLER4,TONNEL Relayer #3TONNEL Relayer #32,GoldBronze,YesYes,1030.0
17,0:5ee93ccda79e1349e55e45343212e6198668219f7081aced37610988b7ad99da,EQB8-v6vPBb9Kx2-7fFhw3h_mlN0SgwLVxhtTfZ9sgVDWylIEQCxwQN_-V9n74PIZXWZmMu1yHL8IVHmynqsWIbkhFay8lyP,TONNEL Relayer #22TONNEL Relayer #24,SilverSilver,YesYes,985.364
18,0:7b39673f61dfc7b7eb3eeaf69451d084ecd618499492e4a5957b81f599de6014,EQC6MNDv_9rDZxoy2IyYBkYmnTfrgTi9Z9qWUoGL6Fvkyp1X,TONNEL Relayer #35,Bronze,Yes,854.5
19,0:bb4ab5ac6254a1ed2d15d6a8e409a59bc6bc286b5b9eecd93f2ec80705253cc6,EQCBW1NcnZxqg5MCxmgHtF4tYdaRZkEi9v_lkhuOyRbuGBlWEQAnUF-_HlK-SwQVAhHWbHoK3-MzfvZdmEIByhYCMPmrNgMaEQAywsNtk4h73Ozdr9g_09xOrt81UbHSQboihxAPXkRb4W4c,TONNEL Relayer #128TONNEL Relayer #549TONNEL Relayer #647,SilverBronzeBronze,YesYesYes,782.9870129870129
20,0:b1f715f0119daa142513c72baf2de5de115eaf653e4355a05781f9706b892d7b,EQC0X4hBYfvkQQu-I43quq6-M6om8H-orL4yWDHuqCLO1NpqEQBAeN9AICdzFMbTHnDUEX3PRM07JtquhRKHeZMYDrxSYO43,TONNEL Relayer #8TONNEL Relayer #592,GoldBronze,YesYes,655.0
21,0:4174a55b92392d1d34dcc191ed8f2d8aa5f42896ef3c2bd8536025739ca5abcc,EQAJ18SjCoFP1jPAU9WIDXIwgSKG4z4IFw8J-eEDxf3sIuwFEQCQIgClBn-dKZMFFBt9bPDxNegrgQg6d-FrkMErYA4sgil-,TONNEL Relayer #28TONNEL Relayer #31,SilverBronze,YesYes,620.0
22,0:1afc7b9b6b86ba888520b83f7ae7d6fc6021d6fc2dbe16e2a3293aacca03f234,EQC43_URy_tJS9dvtdBsPjg6COcQjIo05amFlHH2YEox3_jdEQDg8-01jja4rxrzn_4GKgWMzE8eDOtJr0SvlvSNng7RjQlqEQCad0nuQcAoaJpd6GyagUeXipD0vvsHXOGLrsqTuKwJ6NzFEQCmW_3Xq4cs3DDK7nBwSuI2oTRhs6V3790T-JQEXvC8enIiEQBWaEhkEoLcay1xJQr6PXZ_iwp430oXFG14ulTzU8Ydqdl-,TONNEL Relayer #29TONNEL Relayer #67TONNEL Relayer #460TONNEL Relayer #589TONNEL Relayer #608,SilverBronzeBronzeBronzeBronze,YesYesYesYesYes,495.26190476190277
23,0:afe1b432650e51878c5af0c9af5f74d94c3aa859047f79cd79056738de467378,EQDBh43uk1AArxYLH5cFZzAwt1Kg8LE2sl-3Fa4_5W-M_tnO,TONNEL Relayer #21,Silver,Yes,385.0
24,0:ffb1a6a2f23194860da631fa80cc973f7c0e6f1980c252b283d11c4fddfa302a,EQDCiKB6K95GyQyw7AJ-HJI73X7qSkTfoCMhCrDoNl1PcLu5EQB9cIh9Y3yQmLEti0TFZw1zZrVH1ikjJ88VEnpdn7yehs6h,TONNEL Relayer #381TONNEL Relayer #483,BronzeBronze,YesYes,365.4166666666666
25,0:5d73d46431b1a22eb361b0a5bbabd9d91962a8df45657981b22067d4cab1809e,EQCFS8pjP0gpWnLBts_5g5Uz6Y9VI9LFAQ8Ag4JwTCL7JzLYEQBti28ub9SzezWpqF8FmQwliyjaxnsY2VeIgAEx4mVAe2UW,TONNEL Relayer #131TONNEL Relayer #505,BronzeBronze,YesYes,341.25
26,0:c160ab7c5433d49e98339a14ae734b468785bba9c53070b4d922ea6093f9949e,EQDEzDuujb2ua-218UTe7x4bfL9iBjNL9yPmv3lCreVPklxQEQBctNLXhy0ZN0jTONWmRVjK6Rcea_LyszTeoGZhzG2yVXpH,TONNEL Relayer #13TONNEL Relayer #625,SilverBronze,YesYes,315.0
27,0:108f9e9c9b254359bbaf6ca45f86880250052d017577482738617357686052ef,EQB1nGmcZF2hi2OgNd5_bX0WXr00t8Fiv4d3vZMVfR_-gjYyEQB7NI-9Nzqy9gfBBD6sVcc3-JdYWnxbWx--da_s6y3yRBgf,TONNEL Relayer #530TONNEL Relayer #661,BronzeBronze,YesYes,304.1666666666667
28,0:3c1e1ae406bf9a4e6250d88ea8f5ff7b9fd165d1a9bece360044e6548f385462,EQClBxKlcrv671BM4fPbATLSf38kPZCedw0iyOCQuYFJhVFf,TONNEL Relayer #12,Silver,Yes,250.0
29,0:9d5c080ce1963556bd9699b2c141dca7d071bf3fca4e530de68076e0947f0797,EQDVb6MznDwteQtqbG1H0svSjgntMP3cGvW1wIl1pCDANhTI,TONNEL Relayer #78,Bronze,Yes,205.0
30,0:fe3de9cd9564ccb5a173b145c4ecb6ece3c5ca60d42069ee63226f44fb5068b5,EQCipQa7tPkkJhYh1BiViGUQA1FnmDrbHaYuU7H14NZyws6REQBOBSDlRedZc83qjW2rId6NhZzw71fOts6T0y4nOfnpi9bVEQCUAilRCFCFSOFotxKNV9ArNDo7Db4E0QfBu0_IDnn3CqbYEQAkG4dFeThO6QuYOty53JvY7Do7QlRSd5nf5C1RlmD7F4K6EQBA2dcGkrICTmu9_jHD6GGbbNEmg9QW9Fhi3uhzqYaVzqnwEQBgM_9ShaFtqUOMjkK6Jvui00DIYO17nVR4P13SVZewHPN_,TONNEL Relayer #56TONNEL Relayer #64TONNEL Relayer #65TONNEL Relayer #103TONNEL Relayer #168TONNEL Relayer #224,BronzeBronzeBronzeBronzeBronzeBronze,YesYesYesYesYesYes,171.1547619047617
31,0:19029bb34c372a48740c1c706c03add4c93774c720892f8be9c9b5975212e27a,EQAjrD2ahGVP_gm3Hqj2z_FM0U7mH0emlniqxV0KRxWffH7u,TONNEL Relayer #545,Bronze,Yes,135.0
32,0:6174e4d86f552279db5de65fa15615c51a3fcd2262e5def1efe9385c5a86b8a8,EQA0uyc6Wiu7eVc70DOwm2gIi8-TZZDHK9iX_ZpSk-BMR24S,TONNEL Relayer #586,Bronze,Yes,117.5
33,0:b63eba248d21bc113bfecd49aaa057e3b037891574855b4422c07f71fb841fd1,EQC3HQcToUHwjYwmPxB5vYuCpapNgrlDN2S4JYs2aEX9XqgEEQBxKLxCsSxIBMLtvZh43qqPw1oNqUQke_K-gTq-FuGa0VTF,TONNEL Relayer #124TONNEL Relayer #644,BronzeBronze,YesYes,96.66666666666663
34,0:864e9537f531959084da8cfe20ae8f4bcd92067d3a30bdc545561e1a86ac9f35,EQDOtAFM1j5BbY9RjDoaruRxw1sATBbct8LD9c4oKgz5OO3BEQBIf2vPWfmfaqzhfm0--BjPVniN4LX9AntghAihpI8zmukwEQCVQ5qEKii4yKC6QDu4efeyi02TSysO_oXVpM08HhmqqEbsEQB5bN1MsmYerxMe7FJ03ZpCvVQH7oIajt_xmwwVciklTdC6,TONNEL Relayer #432TONNEL Relayer #465TONNEL Relayer #488TONNEL Relayer #542,BronzeBronzeBronzeBronze,YesYesYesYes,84.82222222222228
35,0:8ffdc15a174b559de252f6487cd813db787ed1dc322002284bee6790d431fbd6,EQBoED5vhNSRPCKWpK4b-mSYVTs1JSPSnIlYDp-N2dhcNKBf,TONNEL Relayer #591,Bronze,Yes,76.66666666666667
36,0:bd23ef5801b6def68aa55cebdc0f6f2b4c6cc7648186eb9a7823dabd04ff953d,EQDwqkEjR7wlDGLg_K3W3C9nsL_68-xjz49CVmaTsaNtx_MDEQBgTfkDtrl22yL6keNcvjJJikJzbYa568g_xosu7X0aun_t,TONNEL Relayer #57TONNEL Relayer #229,BronzeBronze,YesYes,72.5
37,0:277b4b32dbc256f59c1f5dfe027366e59947a38cb908825ad8b2d05f7e52d11b,EQAbofSAHJuTFjCLVISOrcCCDUEnrCSwuT_5zTwQtDTqEVCGEQAolkUHDiNDDSu8AaDvE9FHgjQymNXdniu2yIrYdvVLtu5j,TONNEL Relayer #79TONNEL Relayer #109,BronzeBronze,YesYes,70.00000000000001
38,0:f936f8c9dae284feea52d2cd09b37bc05a826add0b8db4090ade2116167a2014,EQCWjl7qQadn0JklCLthWr_s4VrhrBTxbJLnbzuw51fRgodn,TONNEL Relayer #204,Bronze,Yes,65.33333333333339
39,0:3eac55c9c861518c0342512c492372790e3cf1a791563c357f8d82ab803979d2,EQAsfHOE1cQ7usnjfLuvO4YOwymh2ZMiGQ1RuJErHrJT9Jdb,TONNEL Relayer #375,Bronze,Yes,35.0
40,0:f3b033bc4c96c38ea068ec64da99a190745ba582e63ffd02e47ade41608720f1,EQDb5a-foS0rD-xGx8mYrhJXWcx82gSw4vc0oht60VD4l4tp,TONNEL Relayer #134,Bronze,Yes,35.0
41,0:42888797d15a7246fe5f9cb321c4168d81417cc1a1f13806944657fa4caaab57,EQCMybt00Hs9ATly4lxdVDnDyqy6R-lPCdxM3hwCIZ_H9mnYEQASvqQ87KP1WymAEwBPQAMc57Usa7ErPMmvg6RnPTYAo-u7EQBdqDvBFAVavl8SE6jfilt6Bpdbc11irDpBKIDzk-KNZem6EQC1PiEBsnJGJlGj3jBKh_xnoe_MC2jjDBc4FwuYt2rW0ucQ,TONNEL Relayer #424TONNEL Relayer #502TONNEL Relayer #599TONNEL Relayer #627,BronzeBronzeBronzeBronze,YesYesYesYes,31.25
42,0:cd38a2dd975069a209e0555bf084187e7e7587bc6857f31f03b4a263146af5ed,EQCEQ5BusgEED6udGxrIPYtn4cl163PsnCvUBWM34dJ2tUEbEQCNLLib-dWgY3cEZ2BqdccocASl-fpWakVyxumg2_fQJqyg,TONNEL Relayer #466TONNEL Relayer #531,BronzeBronze,YesYes,30.0
43,0:8f60fdf9202bc19cd2be848721a7fe317bfe7c1cbc9c8a038df3ff8f1d2d8931,EQCD3s46xdZX0AaFjXP2LKkVYhhn9UgotHLb1ww1w8XeSGIREQBYg_45U04HMJdJp_btElrJidbMTcoCw_rf4l4D06TbAg9tEQCf2AVnnGLf3Mv9k-KSp-nZJFSxFSnM_dgadWRXkUm6EpPO,TONNEL Relayer #33TONNEL Relayer #45TONNEL Relayer #85,BronzeBronzeBronze,YesYesYes,26.2
44,0:449a31f14bba182ee784442572f8aaf6cefd1c0610c0214d815f415d6b65bedb,EQDfRPanX51wBaoYnN7FUcsPzSycdXflvYRjjs_dM1nfZ5sm,TONNEL Relayer #551,Bronze,Yes,25.0
45,0:d326a94936694208acb041797c085e676c25475b2b8f679ea1f01ee85632b3d6,EQDEON5Wd7HXbeSjegQVevGtow8xhd4rznoUZHtVCi55UI8F,TONNEL Relayer #44,Bronze,Yes,25.0
46,0:df4d78fb104cf22353277e22ba7f1539886e9d01f3e825f1d2f4f107eb825ecf,EQBsaMexempAwIA-PJ9OIB2jBOJmUIWr_j66VMcnBonHgOcPEQBnJhjj3IxLXvqMiqjDlZp854z8YNZZ9gT-Rpc7RQ0g2o90EQAaHR0OJ7pl01IdrUmvnZ7gKZm6wLz8LX6UCoAUFPAXYVhMEQAoE05HiCwIJo0B9yUAh3TcfZvMur70XhNkWua0ei8XOeaB,TONNEL Relayer #75TONNEL Relayer #525TONNEL Relayer #630TONNEL Relayer #645,BronzeBronzeBronzeBronze,YesYesYesYes,24.55357142857143
47,0:faee4a6fb6ba69c9c6de5ffac88a4fffc7b2398646c87ccb8538d9f4bed2c376,EQBj1BoCAokqSNpaFNE1nLcd8YKM-nz2BDiMNVwgdEwC4toYEQDYZ75961ci5yAEk_CjMA0UDmEr5LYVGyezdO56KBxsvLLW,TONNEL Relayer #68TONNEL Relayer #579,BronzeBronze,YesYes,20.839285714285708
48,0:f646f0a4fbf234aa579a202f00e4ef4b7f48f74d2c9d7dc296ae7a576298fbf2,EQDqB8PVlRC398aiZo36XKXB2tVxmJ-ndWihC8Eb3pgdQ-ab,TONNEL Relayer #196,Bronze,Yes,20.0
49,0:f90cb820a3e153846bfc7299f593c1901ba8c789d25dd9e8088f80cb9a0cefeb,EQD5V1ohRoo-skiO7loTR7PTrudnS8nlSs4BYtHwZbe-JmAQEQCsBUxMjfi0P7vO-5t_ZzqzKBoNHlBI0KTYy7F2mM1e2buAEQDXwbUy9P6mHsdU9ecwiEQzHYruyjcQquaY9x2O-pn9l_kN,TONNEL Relayer #594TONNEL Relayer #596TONNEL Relayer #632,BronzeBronzeBronze,YesYesYes,18.354700854700855
50,0:76e55076c5a6bb06b80a3aec6c9f02ab5a9e5f40e2811dc1847cb56434bd187e,EQBKnJaRXI6m-knyircGQDVDWmLMNEzCWnuDx1L1ZoewkL4sEQAHKaKP4rX1cMzB4sVMzTL5JvnxguxOnokmbz1W9pMj7_kxEQAn5rHWT7qWl9X3Dscn7SmDW1S-aahbowYH3epSJosmHd5B,TONNEL Relayer #643TONNEL Relayer #654TONNEL Relayer #655,BronzeBronzeBronze,YesYesYes,15.0
51,0:4c6b80aa3bcb4add20124c101a36076f5faa000777d34f252f6fdbb3c2a774d9,EQDwxQs_0M86xvxYz22k5ofF3zDBz2vx6YAqnys7xbZAp2dIEQAC5SopA_h_SK8koz0YqGhEnfAKQCTqhTVdxo1LNXYUwjGn,TONNEL Relayer #55TONNEL Relayer #607,BronzeBronze,YesYes,14.285714285714286
52,0:b3ef223415da021f4053d87a7b9bca544ec7ee1845a5ddeef4b4c766acda4eaa,EQClp6aQBPOtrXLm0GAYEAX0sO2Wc10JHzvm1Z8bm0jrI23Y,TONNEL Relayer #638,Bronze,Yes,10.0
53,0:9e4abfe97a28093fcd441e79804316dc9b265f83fe860b7e22cac469cbcbfe1f,EQAtRhwZg_1Kd7M9fYQfLTMkFs-kHvKGtGfymPmgXaIY31Ou,TONNEL Relayer #475,Bronze,Yes,10.0
54,0:c8088014abc58ec085a8e937bb4ccf0c6eb8eb07373c1767c965d0f4152ff21f,EQBaCVpz0Y0CINeoX6iYpxrslwp7BeRB7CXTLP8gDepSKsC6EQCpQNigX69DoWSk-UoU2DX8GVWBHOQaI_8uom9_Exs9CIHV,TONNEL Relayer #164TONNEL Relayer #529,BronzeBronze,YesYes,10.0
55,0:6e9092d50e167b95d85dce648f06007cd33d3894b0b2f6864f459f561317d75f,EQBflyM6dxPfrkwjas9ELTKGlwvEHbgXvq6YZ0yAEgdMnWiwEQA4fBrRQ23FmDMyCkP3Zr_zM9BDpiLBzgHC9qDw-gVJsfv1,TONNEL Relayer #126TONNEL Relayer #572,BronzeBronze,YesYes,10.0
56,0:0bcab590342c51dd115c6a97b964cc429431e9c92ac43bdde542268cf595949c,EQAHhLmq_HimvEQrhZ_hR-pJc7FJm1EhdqqTWUhBSDIc-OSx,TONNEL Relayer #606,Bronze,Yes,10.0
57,0:ca608275f628087e59dd1e2205c4004444f8eeff52052a8b3352ad9f3da9ce16,EQClKyTeX465AqK9QzfkJJLdkF4hYs52GHvzjQI0n_IrZG0T,TONNEL Relayer #553,Bronze,Yes,10.0
58,0:cca9a94c7ccff54a2b55dc6c991822a523c6cd61195790da84a59d52abe7265e,EQBs5O6JQy6W9aHt01ipmrHmPG5yBYFBlNjyZKE5J0YzCKBG,TONNEL Relayer #395,Bronze,Yes,10.0
59,0:fe13abd76946aefb2590d4be1b3be929c655aa8280e6739052dd076e789a99b9,EQApptPXCbBF0OayK31IW0bPkkbU6nDc5CgPXNAP4EzsfRkDEQAxupFhQWTJaK6jMxQ-pTW0LCyqCAJlL_l-VomZm5TP97bJ,TONNEL Relayer #573TONNEL Relayer #663,BronzeBronze,YesYes,10.0
60,0:54949a1ad25d2b2632cdf70f1d83232086b994aa5b4917f455ba7f9f66e8213d,EQBf3nQBNrCyySefWJoD2hcpO0VtMxouFgzv0xXxh1Sh_zvvEQCm74B9tdMCFC6PaPevXpfvKJaOsiOmX0Vh3Z15jc0w3ogB,TONNEL Relayer #172TONNEL Relayer #366,BronzeBronze,YesYes,10.0
61,0:25d3e0db77696e2c403aac45050fc931a4d14b4b02a02704f0d7f1291b20aa27,EQAbq_PdyUNq6ewO2xYRR17ShGoVwxfh7ArI_wJSFJ8WTchBEQBOERvuegh0RPudfJ9TG4dGIf4K0k16Zb8MJhtQc7Fmrjm9,TONNEL Relayer #576TONNEL Relayer #633,BronzeBronze,YesYes,10.0
62,0:4288893333643de1f1625a8fd0a1508e738c14bffbf5107334d4977d047dda85,EQALdjld1pHW-HzCcjSlysjcj_mFH8-ZljnLqvSnrKzA5qx1EQBpGACFS9CDBZ8Lx-Y9Pj2DRibRkxb3hDKKp5kWPnIFGcGD,TONNEL Relayer #62TONNEL Relayer #114,BronzeBronze,YesYes,10.0
63,0:03a3e401f74cee93a7ad6c2460e5f2747b5c197821b96ab2b98ed5ab2b88fc5f,EQBCtbxsjNc9Pca7EfJsToSVxSbI_wJGb_zcmTVO6BG_FiZQEQDrcVGZ5zbjp_sy6-FCNKjKOnd1vw92yYyYf7W09PY_vzKF,TONNEL Relayer #427TONNEL Relayer #605,BronzeBronze,YesYes,10.0
64,0:d68b021c61fa99760a9373e6085dbcb7373471decd121db23a1cf7743e81025d,EQA1glVPEJOoaPpe5bU1v3QsWY_tS0Sy4oS_pS38BJwvY3EZEQArBnf7k-bS8lCYD1keZqH7h2hRpQDCfx8m8-BNCIGOTNOE,TONNEL Relayer #652TONNEL Relayer #653,BronzeBronze,YesYes,10.0
65,0:5f0ece66dee8b2925d52904b5cb140fda4d1ec26d2ff3e08f8452b36c41406de,EQBRjXTtWFoLKNmp4GQHDuBosjchodfhCoX78CVRNEcUjdII,TONNEL Relayer #73,Bronze,Yes,7.5
66,0:a019d2faa0e7774cde0242f574821d1a97a3a5ae290a5fc3d014ace87dcee832,EQCX0XXMvXepKwwoTc2X8hrupeafdDnryf-_nVgDPbouown1,TONNEL Relayer #343,Bronze,Yes,7.5
67,0:b69a147d20245dcbcd6bbad7c988692a1f5f4ff661f31b65bee421fd65d8e5bf,EQAiWdvGQIVF2GFrE-3HT1Plfq8FNVI0yLufAmDktc_d9Nwz,TONNEL Relayer #60,Bronze,Yes,7.4
68,0:ac50839c471d44ce305a142ab0c94aa635d06488ea2371c58b61a4908e743bbd,EQCy1jr1npW4iJOSDZ0wyzCDF2dIRA0wu75C81FrcUThpWxA,TONNEL Relayer #148,Bronze,Yes,6.4
69,0:95444edff07d12a85360c5c63a7beea147ee240743519757c2df12770a6ad49f,EQBDop8A-wiejzJt1-b5turViy0mu5UqRInlJbbOXI_w3Ury,TONNEL Relayer #307,Bronze,Yes,6.0
70,0:c663ae51830f9c76d350c40f31420e45f4eb1902b680227e7857cc89e907c26a,EQCo2zWCHgEC1r0H4HTJm2fWDckSh73hLyCaHHcUkw8Y8dPQ,TONNEL Relayer #614,Bronze,Yes,5.0
71,0:e15d92323605de3c567993faf5e9069c5f40f2210ecf68d6a60fca0d5c248f8f,EQBUiPPBay4dPHrlL9p4Nub0Eh2-e8z9TWyV7Ac9l2XjWQJs,TONNEL Relayer #597,Bronze,Yes,5.0
72,0:ae9362709533c31ffbe2f5c3624b8db7716ef5b98a26b33cf2e22a942eaca65c,EQDmmwxR6f3pIgOcq6AxcpkkpyBi1S_URiHyJOZyzUGLip6z,TONNEL Relayer #598,Bronze,Yes,5.0
73,0:fd1b211c9c4951fe7209580625cc7b1c6f2143c196e36467b8abbe48f5171ae0,EQAvbhDChGTDzbdkpcIrQouM-SozxeDwEi3trWn1MNKQOooH,TONNEL Relayer #463,Bronze,Yes,5.0
74,0:fb44f30a8140531b9732e2fdb510d46a12b7f9033425589e8fb8a01be430a02a,EQB0k6pSphN_rfwKtMGWPvi2XTwdayb42d0ZT2wDg8sqvV_r,TONNEL Relayer #626,Bronze,Yes,5.0
75,0:f5e8babeaccf59f9b1df60984dd29d51227996c198db5a8e886bb744207cab83,EQC9OvICBJrzY74uddF44iNCMyLN4i7uOrqFORLHnW5BhMab,TONNEL Relayer #365,Bronze,Yes,5.0
76,0:b089f5587ea026cbe697b2d0bea7f30c3f95daa7e72e0e4d24787ba57aace1e4,EQAYP1NsFJNTWZu3PgzIzIfqUDotmHGxeZLrhvBVn9gQFHVv,TONNEL Relayer #150,Bronze,Yes,5.0
77,0:f59a38af28db24ada77c15057c52d3400ba6b2301e5b82feab62684e71228f2e,EQDUa2RULsyGtsEqVsRLASw5jaX9L8Ld22iU60ZnRgYeWrrQ,TONNEL Relayer #58,Bronze,Yes,5.0
78,0:b20f17c96575e1dfc3c9595590b8506fe97ac0048719d2b5bc722724d28143e7,EQAptq2OcEJCpbuWEm6hSSVQS7F1gTkCEjoCkrmIAC4Sn1ID,TONNEL Relayer #595,Bronze,Yes,5.0
79,0:b28e30c543960652ea8333c8cac4a5f15c540d3f6c187578dbd431388a45bdef,EQD4Zc1lpfngFGDdv3vWFbyPEMU7qAVQVogWym8sPMGoGdZP,TONNEL Relayer #593,Bronze,Yes,5.0
80,0:f3d1969edb68a21ff5a697bfafc219ee393de8e362d31d85c1cfc33376ef1f0b,EQA32pNp3TEUtCiY5PhgFgo8pZieeIuFYKrNFTzNR-HkFhr5,TONNEL Relayer #125,Bronze,Yes,5.0
81,0:ed769a34668b9d1db9221651f4f970d3555454f484135c99ed3fd5865b3548f9,EQCsd8ZctV5MXqNs5O6yaf2tqunBT4HWQ0XQHYYt209j_9n5,TONNEL Relayer #512,Bronze,Yes,5.0
82,0:eb70075b85d535c6349ae0173d40f619b2d3d4db33c256fb120c5860e380e83c,EQDgw9QrnvOBVaEWxdMyMgKPTCWygHWIgkH-P-Luve6CBaUo,TONNEL Relayer #363,Bronze,Yes,5.0
83,0:ea997130cdd998fc21302082c965806c1130d76311bdff3110530e5404b95245,EQAdYiBQwuzguR49ZsHWtAeGZ2fWOVMgYYKGjZmp5cZj6oNL,TONNEL Relayer #80,Bronze,Yes,5.0
84,0:b5d12c97945792bbd4bd9a977f8d0bd56d0ac17053b6349a9311379bcd76b9f1,EQA310L0BmfLcdGjjGakGpoQNRbl9kDoUqgMhoSrjY-HAqoa,TONNEL Relayer #623,Bronze,Yes,5.0
85,0:d97ae4c530a62c63b6385ddbc04d74022035a075e8b94d929222ab6e9b5471f3,EQD5JVbFwgJqmAQiGUNNR49YL3qBUU1dBQPtXYG0tWL_1O2Z,TONNEL Relayer #158,Bronze,Yes,5.0
86,0:c11f62c75d0301d5b92bf04f2d8b3d966f79924fcd8118b235d968b6ce9702cc,EQBp3n28PPK2Ezbt2dXYGsFSYs851ieUkMph2nUrLivMTI0w,TONNEL Relayer #546,Bronze,Yes,5.0
87,0:b855040a3d3082b1347a12dc1d115e1270472cda85da92cea8b24745629ddc4e,EQD6_xykdLfDfO_K1dBK4eIsmiYdMxFXz_kEUSW63SZTUgq0,TONNEL Relayer #478,Bronze,Yes,5.0
88,0:b8c2e353cc37907fdecb9aaaf25f8d9e75d7f9f611ccbb82ebb22cdcb1ee0ac1,EQCKEhL0S5x_y8QMHq4ukgxF2eH9MmkWp9spPdWVcQ6lbw-b,TONNEL Relayer #649,Bronze,Yes,5.0
89,0:d4287615bf7c6f2d531e0a76f53ecbfea37b2d35b6ed70389d2520ca64b06a65,EQC_QP3Udixl_AeIxoz5fzqglU7k8ocgA_fYKdU0BJ6iDnsY,TONNEL Relayer #527,Bronze,Yes,5.0
90,0:d3cface75770c1cede3c5ed178a4e008ceaae545709d8e9dbf92a15f902b02e5,EQCIbN6WFR7xhMi9jdzu31X0mbH8CUG1BKcs1ux4uPp335GT,TONNEL Relayer #658,Bronze,Yes,5.0
91,0:d0a8aeceb763744160c61ae969f874a3d949d5390f4cc9100aadc4404a9e5f2a,EQAGs87Niv81GTByb8cvX30qigsD8fqVs5DGYm3cOPvZF6Ef,TONNEL Relayer #629,Bronze,Yes,5.0
92,0:cccd12ca10d77c9c519e0f050545921eee2a48f7d897bf8b95a9b9533968687a,EQCGRKxtg8Dekc2C9hFTG0pSXyYLetklruywofQppL_O3BLJ,TONNEL Relayer #130,Bronze,Yes,5.0
93,0:cacc1d1f713205190b77898c8af54da0b9d4a54ef067a8ad7218e74b88d5ded7,EQD_Uepvnp6dk4drcP2UhVeK7pgchMYd-3UA8jvIMh4gab_X,TONNEL Relayer #642,Bronze,Yes,5.0
94,0:c94f297550b10fabe79e48dde281874bf5ba7ab87312087671202b08c842a44d,EQDoHeqmie2LEK4difk74emsxpOvUUgBliwRIHa5w_ZEMV6z,TONNEL Relayer #609,Bronze,Yes,5.0
95,0:c7807b0d4aedcf21c1b1f3e0d5a2c41abbe992c199797c4384371deaf12cb77c,EQBlc7e_FsjrNXw32CrrL-pkEG3-rU6_NujH9CdYWo3TAMsJ,TONNEL Relayer #94,Bronze,Yes,5.0
96,0:bd9a84a4b0387b74cc7af1cf401b0aa337ab5712754ff71fe87314351b80518c,EQD5A9rkTrmlueS8P3vOZ8pr8cjV25U6rDCFBTytLANJcA29,TONNEL Relayer #650,Bronze,Yes,5.0
97,0:be28847a3a2a90d48679631a588d57d0660175be6a898e1ffb32a828b795c00b,EQClFIV6JlGuoeYWCtEwB8JFVnpjX2v4_uk6eyjhO1pPL0Kn,TONNEL Relayer #611,Bronze,Yes,5.0
98,0:c6ef49eae34de9a2768bc6a1b0e91fef96188dbc4bf2171810d5a85de532ed82,EQCRIhbY03UWO9Bju4V-gXRgJcctatYXyG5dRj0m5gBA9jpw,TONNEL Relayer #506,Bronze,Yes,5.0
99,0:be7eda4b7a30c5c1253462799d211f55da58ae33016c247f1eab32bdd1dffc56,EQCghjRCVBw-rPwK1RpFRxfHtg0ZPLz8c7d67y8gxkbt98gx,TONNEL Relayer #646,Bronze,Yes,5.0
100,0:ce150b305ebf34445e1e9944a791c71821c2c8410b0366fe07b423480604d94d,EQC0AaQE48A7YW4CYUO3XEiipGsYCjtNuH6fGZBfXrLvyD5K,TONNEL Relayer #106,Bronze,Yes,5.0
101,0:0180746a9a4655e0cfe1420582fe75a4e9f03d13b8af18de7fb2d57f03b86538,EQCGMsJlJsgjztiuIeUNkAFPLyrK2Ha-dNQxri7dQlGw00AC,TONNEL Relayer #434,Bronze,Yes,5.0
102,0:aaffa6e2fcd2c4cda12977dfe956cc85db3ad407d2332ad0f1bbdec678cb85ec,EQAor4aoGvm3ypn8kneOAOPJBFzA_BfRiWy2ofrASqQQ7q4O,TONNEL Relayer #634,Bronze,Yes,5.0
103,0:a80abffdfb49ebf58003946286b30faf8b4ece0cf64040985e82b51143b22a9a,EQCAabeV_KQPiEbbjs3yAy0kQ1W74HK6N4nFd2T0ZNURxFZR,TONNEL Relayer #63,Bronze,Yes,5.0
104,0:4c8726e51b6e3e67576935d92896f1882f21c3d1d99642d77f45c4395906a9b9,EQCRTbitdwNcbCV5RaCpqnSXvS2BsWFF3LJW0eCSskd-gM4s,TONNEL Relayer #621,Bronze,Yes,5.0
105,0:4c388f579ca89bbe942110d8a62ca4b5b53edfe3da8e23e82b0904d1f00fc968,EQB_lkYWJu2pxyLFtgJsTaKNu9s3IL1W29_SkDkIqXnH8U5M,TONNEL Relayer #501,Bronze,Yes,5.0
106,0:4c0b89df5679cfb2a118b83b801d8fc652489f5e1f340d19fe9ac7bf3b71cb9b,EQDAOTKSh-nVbcPK91_cWhqvajcdUTnGWxKTqTDGkiOLAEWv,TONNEL Relayer #641,Bronze,Yes,5.0
107,0:4985414090ae2e720412f00ff9fc72f083fa86fec866c1ca14e8cb879a03db79,EQB_bgWC8UTK5Jgg8mFUXlcnJo9sNNTOVXONnCYcFDglu8C8,TONNEL Relayer #117,Bronze,Yes,5.0
108,0:485299a5cdee7668bf467cba98d1c83050a24e54c931bf7e77a00d73576516a5,EQDwGQOJm3mMxei-79vNLATc6AfU4gdDcdc9k1xDu5DaCr-o,TONNEL Relayer #89,Bronze,Yes,5.0
109,0:42b583d7b22bdaf7d3963076c259f802bce82c81953433faf14146d31c284dc1,EQAuWhIZM4iyWETYr48zoAjrZee_PtUYUbp3wf7RfZaW5Ekw,TONNEL Relayer #637,Bronze,Yes,5.0
110,0:426a27e52737083f88c751397ded246230314ae46611e90077a4571765b769d0,EQB_1zOjm7QNowFCrW8DsMr5zWLFy65y3LTdk8Hlvo6gZENJ,TONNEL Relayer #456,Bronze,Yes,5.0
111,0:3a405d607a988cdde6506a73c1ee93172adc92377371b7f84ebdef7df94bdcbc,EQAICY7J3dnbFqsdC-L3BeK_SWFPb4USMbhYbmpJfUa6FDAs,TONNEL Relayer #353,Bronze,Yes,5.0
112,0:3583e36b24481e5a896d292d2182f65654c73c41afed4673ce50fb9f4f208aa5,EQBRWlfOjZQEY5dWF5QtqVnC8hNpJoRKmtdk6i2KhVls2NGm,TONNEL Relayer #503,Bronze,Yes,5.0
113,0:31a99a96cf1adf4619a3987a1554dc5aeb8d11ef2e38f7f4365b6f8e7bc01cc3,EQDVY7E-uKe6i446NMOw8BQKubG7dickhzwFK4zjRnvV022W,TONNEL Relayer #241,Bronze,Yes,5.0
114,0:2dfd5e74cd9cd05bb86316da9a8f6d193e737b7e9e05e57fdc2905b192dfc330,EQABCpX8zDt4zV0L8cgpc9l3EJh8GRgL7dm0VgPLwyN0AfcR,TONNEL Relayer #600,Bronze,Yes,5.0
115,0:2d00b07ca99ea8ff6e83b4f3e274505be4bed0046d83885ba4ddb384d2e40e3e,EQDZb1uv2Xy40HokDjwSx90Bp51iaq7WASd9Csq4PXv6YSKS,TONNEL Relayer #84,Bronze,Yes,5.0
116,0:283aabccb834be2cdb07d74aec277d95a6f3acf6b516688577b82fd4fc6bc54f,EQB0Pa9UcxJ0pahYhtc8MZuoYThY0N7p5uEu-bATZfEftqa3,TONNEL Relayer #127,Bronze,Yes,5.0
117,0:27d3c3bd98dc2cd7d1403a31085c24b1b92952e5976b0c151a5a908d8f91e54f,EQCkyyeUTc8Oq9cjuytnKG0bUGfJH3ulIv3tARKrokpqTC8C,TONNEL Relayer #464,Bronze,Yes,5.0
118,0:266921e8a274580db4d6a9f403a0375c712a2ce7f26634bd1e766bbdf8a22637,EQBQ66tJXZ0-ALOsSm1Fhv-WL1afcezRxmkb5278oa-F0so7,TONNEL Relayer #477,Bronze,Yes,5.0
119,0:22c9b76776c1a4bd7a6109758b0eeefa8f011310a3f76933363c18c9ee743f4e,EQAMlG1UKkwOWJdEMfAsN16vqj8OwyW8OSSJivQcsFsj8Y3Q,TONNEL Relayer #145,Bronze,Yes,5.0
120,0:21cd49d0ca6bd1285c61bc5a8e2afa394121bcc203478675f67523e383cfa6fd,EQAHNb2Lp-7AevWIBysBWatGNroqvZwAZZ93qUbXAbceVWoj,TONNEL Relayer #566,Bronze,Yes,5.0
121,0:1b7efeda2e32bef4c5b25a6949e1196dd9cbf1a86339cccb2a8ae6a2098bd34a,EQD5yZIhDo2KgM5OdvytiJcoHBdCou6QjYeFBYL9O11vWVRt,TONNEL Relayer #601,Bronze,Yes,5.0
122,0:1b606762727f678148398055b34271639bdc4ee5da8bbb956c28e029ef541508,EQB7zY5rbJBJznYlu5DFVqd8j8npDEAUSuvY8Eap01I-f7ur,TONNEL Relayer #612,Bronze,Yes,5.0
123,0:1ae3f7662bf185bbb8321b0a6f731e73793bc40addac2c8b3cb53bc1c15eb1a3,EQA8jk9gan4lEVcSs0xKaFZKACauTo5xdOdYCmjr5HouNjz9,TONNEL Relayer #604,Bronze,Yes,5.0
124,0:188ccc09a44edfaa3f71021c429284d9be86bda3416132e49541b07c1144ca2d,EQCIQggbIRDUCZilsn4yIZGzDMjxZPmxQZob5Gu30BcLe0iI,TONNEL Relayer #165,Bronze,Yes,5.0
125,0:17d209256bcd4dc6cf7ef6b9ccb9abd2c087c5eec2573e9dfa76379e032e8009,EQBf4ZygG0u5LgpTqwiA0rmhwoYxSNjka156vrmzghVvB9M-,TONNEL Relayer #41,Bronze,Yes,5.0
126,0:16ecdc56e1436bbf34ba3db8831a1008c7b6a775a71c82b6ffd256cc7aa39c4f,EQC_6bDiI_6IVMZg-4IAZ2jLKW6Qc4d4HrFeuS_kOOar5hQ_,TONNEL Relayer #72,Bronze,Yes,5.0
127,0:131d22dc56532c61c7959ebd1d4950bffd728d09854d697381fc74aa91673d46,EQCM7Plmiqp7IjYTl0QjeAssiB12PBmpSxHLnTqRx9-W3KGP,TONNEL Relayer #620,Bronze,Yes,5.0
128,0:122974f84c8ce2fe70de6decd765579f17495a13bdaceffed2aee808dac933a0,EQCM-Mjaki8vCD7qu1baWy3uvLZWgJms7q-inCh0OUD-ynxi,TONNEL Relayer #603,Bronze,Yes,5.0
129,0:0f88687eac47884fecef06682bb56ab95799ea1489aee820e66e5b98abf06fad,EQAlaiMVCw2UvLsN1U7xuDE5sIPtlSUkQRLF5dgkUi-mazx4,TONNEL Relayer #367,Bronze,Yes,5.0
130,0:0dfbee091204468d657fcaea4c07a61aef0b13cf21313a08139dc806c4f93470,EQBs3dtBJtdgbb5T9f5aA-k2fG0HaK0Sq8-k3jy2vQHI-Zja,TONNEL Relayer #233,Bronze,Yes,5.0
131,0:5050773def569eeccf9170a8c333515b82504b7b56f55ed2d5684350346f3157,EQCLpkpQpCt53WqZWevQklIUFWaSgTpEIdII5rXkbicYMCcn,TONNEL Relayer #640,Bronze,Yes,5.0
132,0:541e161caa3846249765be4c426db8ed476e3103d97ed0f6a8420671147d4237,EQBIJ_qbt2qwU_H8BzuLlctAxxuBNFNl5XHPsNbPxD3ahLWm,TONNEL Relayer #651,Bronze,Yes,5.0
133,0:57055c9ca79030c48973f17d370f2ce8625349bf50c595327333c14df12b5204,EQB4Lt-A4wMNNFVLdolieROaNS6PgFP-WQ1xVumm9LqrUdzY,TONNEL Relayer #657,Bronze,Yes,5.0
134,0:7978f49954f2d24fbf940c8f1617b39d651cf1448f8c7fcc50155bf16769f90b,EQDRYPHwjo4zeTRbfZ14UvY8D52nytP-a-S30DGj48ucVdsH,TONNEL Relayer #648,Bronze,Yes,5.0
135,0:a54ff787906fe8275ed51a5dd1b128b8f63dc04619d72e2f9be91a8a88fa0eab,EQAAXh4IfPgeLsrQEVSF7gEDpDRtQ6I5pypgjaqmGpdR9zov,TONNEL Relayer #619,Bronze,Yes,5.0
136,0:a41e3537ba31b45fa627f45dd6a8cc561e1f1542c6d0b9933bbaee3b13e7def4,EQB5pyMGnL3TyzybQgxJf0sv-422GVbzj1KFVpvaJWgN7MNF,TONNEL Relayer #610,Bronze,Yes,5.0
137,0:a3686bb2b3f670b9c1ac7806cb553bf5e61a09b97299a0fc48d9447b0b7631ac,EQDrixrQp1Or5seUYTmkHFclIYUInsh4CSSUSO-D7KLioNgv,TONNEL Relayer #111,Bronze,Yes,5.0
138,0:a335d9fcfe8361d288ae742c0443fc964f87d5bb6af96ed99e07c3a8a1af171a,EQArRX_adZYIkKDFD6T8pvDfjYAwqTrQhJe1XcrqX5UAX1Bb,TONNEL Relayer #636,Bronze,Yes,5.0
139,0:a16cbd8ad72bf20f611d812ae52f1af3fa0b28040cdc884ee6adca36c3b24a31,EQDeSszLCCT9qBYbZ2Tsb6GkogU_4tSWjGc13FJXMdBqSzBJ,TONNEL Relayer #87,Bronze,Yes,5.0
140,0:9fed171c72cfb8245230346042d0aad139adec61822f212972ef5eedf24787b3,EQCEKpwpceDGmGbGlFgmMriZ8s81hyuTm2rm-rIPotQTmlUc,TONNEL Relayer #321,Bronze,Yes,5.0
141,0:9cfd8c8a7319f70a30602888911d13bf29a18e295b2b75ff5e387391d2c9d7ad,EQB8kAA9GH3hxlXgwbiNS7QZhbTLIlKJnaB4KUwaZdGpmtOC,TONNEL Relayer #92,Bronze,Yes,5.0
142,0:9cb46ecf51b7fe1a0d16465d13d965fa0a349a01600405b3eff7290a9008f4e0,EQCKlKyrNsGrVuEyqc_Tpir_XZbfe1Ix1zcyBsdFfTn0FZF8,TONNEL Relayer #495,Bronze,Yes,5.0
143,0:9a264f374467f1d1a314aff21139457a65e764515b29f9fc90ebb8b54953e12d,EQD2QwAXLHayRJVrfc0VAgLqPsO93J-PfYrVKDqgdQ6_jlsn,TONNEL Relayer #577,Bronze,Yes,5.0
144,0:978955c8e92e49ff84fd4c4aa415db9d934cb4477e0bce934e4c2d38993ec7c7,EQAdwdbweS4iCLiQ92u9ONU9ZehkdXoBNqij0kuzZMe1s2R9,TONNEL Relayer #659,Bronze,Yes,5.0
145,0:95dd2aa2bf482cf57b93db25be07c26bf1a6e9f04f05f7a96426fe6c5e8ce764,EQCg976I5X_xPWGxTCQV0gUB2sw6MpSR_cbo9k4rrR7KkO5D,TONNEL Relayer #454,Bronze,Yes,5.0
146,0:89a3480667ce3a59f08d4b9b5d2e589bc7cade3759625e584b25634d534f4d93,EQAVXUJPGGByqse5QcXAfkl3Avxv39vlyJ0bsR7vYdglUkgV,TONNEL Relayer #656,Bronze,Yes,5.0
147,0:786b573353de101c3c2c232d684a6886ab9a26f6dddd9099e4fe7b2342de46af,EQDymvLEgObhAcFyFLfwaI7xIlYUkWyJ9PrU2iNHEEOR4l13,TONNEL Relayer #615,Bronze,Yes,5.0
148,0:5801a524fccc00e9bbb8d176dce2e5aff972a58f25df8149bc365752b58209fc,EQAkA3_QzTz0gkSvzAvfZlvXaKDLiT-WdGRBV3oKk98EjQnH,TONNEL Relayer #616,Bronze,Yes,5.0
149,0:77ade166f5b68e169cf3c80f5575d8cc069276eff70cd01b8281c2e0ee07c17e,EQAFdIyOUF1FePSmJEm1aCV4yHmUuJPuU9hqZ04mAMPJlRth,TONNEL Relayer #635,Bronze,Yes,5.0
150,0:7638d9c98de8fda88d8851d25a02e24247ceec8f803afcbbf1c30d6173f5c3bf,EQAeFgFsy0CcvohG2cxleS6vbulqumGRpWIC5A1OKqU9H0jn,TONNEL Relayer #631,Bronze,Yes,5.0
151,0:726a9944005096954cf08fbfdbfbb6c6d0a798db0aa6232e3c66e689b7153fc0,EQDAlJbr5StMm-hU3l5L8BWs6ls9uOq-EQ2xqwVoMjWf-V9S,TONNEL Relayer #105,Bronze,Yes,5.0
152,0:69299175be6a2c066a2c1011687142dd37a9860aaff77376ac76b73be02405a5,EQCI9nW5H472kV2Uqiz3EkWjmGyjtFp4TvFsVkJOqb-NS6zn,TONNEL Relayer #493,Bronze,Yes,5.0
153,0:6536e8635cbd2daa968584c51cb9690f1bbc482523aabd1658d50cbc594de5a1,EQCec6LfZmIKPFuMo6kzqRedoUUM9OAprLoasEaYr0kVgGus,TONNEL Relayer #617,Bronze,Yes,5.0
154,0:623c27f7315ef73c728bc0003a78a3fbfa1ed202e9b34718b9a5720390033a2b,EQC8lpP1g_32gh-lm7Nbwb70hKZVIYxiVRru6_qZ7ebfqubN,TONNEL Relayer #445,Bronze,Yes,5.0
155,0:61bd908f01baa5a8769caf8bc62ff548ba35a3ed8f1e33a4f4d61a79967b687f,EQDvvF-9rjaE5Z0BvWC4KkVKMwxn9zDPxDV-DhnTUauzIOGn,TONNEL Relayer #50,Bronze,Yes,5.0
156,0:615c0d466777052a8af07d0d9dc02df6b339a42eae418960bcd61ae272fd547a,EQDuvTtaV5ia9WOBUFasF52ASvr1r7sAtQAB-8daV-CrzstU,TONNEL Relayer #618,Bronze,Yes,5.0
157,0:614830ed80276d07e57b36c3c00b005f613cd180f1fd1456b472dde16ae5558d,EQBAxgU2h-SQqexYCGWeB829Ejt7EzpsN5AEnemsM9sqrsNJ,TONNEL Relayer #83,Bronze,Yes,5.0
158,0:60adc3523ac7cb59e012eab15a77fe64b0f2dd4735b70c3946a1dee23b443c1c,EQCJfx2fO7mBGJO_IewQIN-hINVVXytG7_PpwoV9DPkva6wl,TONNEL Relayer #628,Bronze,Yes,5.0
159,0:5c511bc7fca1c957a45a46d62239dafe2de9c7b34e0b998fac98bfea70909765,EQAdAUmjmyXKmOF-_hMQUOU_gSbF_7yR2U0gIOTPmKksbbnm,TONNEL Relayer #624,Bronze,Yes,5.0
160,0:58133e9703013f5ac79e407777aebf63bc8197f900f9a910c33e36f4c0244d92,EQDOWc4DWKrpivjLULJh0purohenTbrNGsVaowMYEAZIlcAk,TONNEL Relayer #554,Bronze,Yes,5.0
161,0:91792fe994063de6a83c9d9f9f301172888b179ecf707dfec14d4abea406c726,EQAHrk4MSMykw9FU9aZB8vcIyikWgkiH_ngPOeahpa_UwQ0e,TONNEL Relayer #166,Bronze,Yes,5.0
